<?xml version="1.0" encoding="UTF-8"?><rss xmlns:dc="http://purl.org/dc/elements/1.1/" xmlns:content="http://purl.org/rss/1.0/modules/content/" xmlns:atom="http://www.w3.org/2005/Atom" version="2.0"><channel><title><![CDATA[Minimal Blog - @lekoarts/gatsby-theme-minimal-blog]]></title><description><![CDATA[Typography driven, feature-rich blogging theme with minimal aesthetics. Includes tags/categories support and extensive features for code blocks such as live preview, line numbers, and line highlighting.]]></description><link>http://katic.tech</link><generator>GatsbyJS</generator><lastBuildDate>Sat, 07 Jan 2023 11:30:18 GMT</lastBuildDate><item><title><![CDATA[With Images]]></title><link>http://katic.tech/with-images</link><guid isPermaLink="false">http://katic.tech/with-images</guid><pubDate>Fri, 16 Sep 2022 18:30:00 GMT</pubDate><content:encoded>&lt;p&gt;Thestral dirigible plums, Viktor Krum hexed memory charm Animagus Invisibility Cloak three-headed Dog. Half-Blood Prince Invisibility Cloak…&lt;/p&gt;&lt;div style=&quot;margin-top: 50px; font-style: italic;&quot;&gt;&lt;strong&gt;&lt;a href=&quot;http://katic.tech/with-images&quot;&gt;Keep reading&lt;/a&gt;.&lt;/strong&gt;&lt;/div&gt;&lt;br /&gt; &lt;br /&gt;</content:encoded></item><item><title><![CDATA[Markdown Reference]]></title><link>http://katic.tech/markdown-reference</link><guid isPermaLink="false">http://katic.tech/markdown-reference</guid><pubDate>Sun, 11 Sep 2022 18:30:00 GMT</pubDate><content:encoded>&lt;p&gt;What to expect from here on out What follows from here is just a bunch of absolute nonsense I&apos;ve written to dogfood the plugin itself. It…&lt;/p&gt;&lt;div style=&quot;margin-top: 50px; font-style: italic;&quot;&gt;&lt;strong&gt;&lt;a href=&quot;http://katic.tech/markdown-reference&quot;&gt;Keep reading&lt;/a&gt;.&lt;/strong&gt;&lt;/div&gt;&lt;br /&gt; &lt;br /&gt;</content:encoded></item><item><title><![CDATA[Code Block Examples]]></title><link>http://katic.tech/code-block-examples</link><guid isPermaLink="false">http://katic.tech/code-block-examples</guid><pubDate>Sat, 10 Sep 2022 18:30:00 GMT</pubDate><content:encoded>&lt;p&gt;Here will a React component go: Here will a normal code block go:

(function() {

var cache = {};
var form = $(&apos;form&apos;);
var minified = true…&lt;/p&gt;&lt;div style=&quot;margin-top: 50px; font-style: italic;&quot;&gt;&lt;strong&gt;&lt;a href=&quot;http://katic.tech/code-block-examples&quot;&gt;Keep reading&lt;/a&gt;.&lt;/strong&gt;&lt;/div&gt;&lt;br /&gt; &lt;br /&gt;</content:encoded></item><item><title><![CDATA[Normal Text]]></title><link>http://katic.tech/normal-text-override</link><guid isPermaLink="false">http://katic.tech/normal-text-override</guid><pubDate>Fri, 09 Sep 2022 18:30:00 GMT</pubDate><content:encoded>&lt;p&gt;Thestral dirigible plums, Viktor Krum hexed memory charm Animagus Invisibility Cloak three-headed Dog. Half-Blood Prince Invisibility Cloak…&lt;/p&gt;&lt;div style=&quot;margin-top: 50px; font-style: italic;&quot;&gt;&lt;strong&gt;&lt;a href=&quot;http://katic.tech/normal-text-override&quot;&gt;Keep reading&lt;/a&gt;.&lt;/strong&gt;&lt;/div&gt;&lt;br /&gt; &lt;br /&gt;</content:encoded></item></channel></rss>